{
  "AS": [
    21518.865983315856,
    22739.167063174034,
    24068.942839070103,
    25432.187628614356,
    26627.002516962737,
    30421.70906488812,
    31887.55025803734,
    34512.770384647454,
    52017.6979057074,
    56321.56210370502,
    58313.16454322652,
    61499.93520068295,
    66961.0560089071,
    70436.43738376208,
    107578.73632231086,
    190322.43508540376,
    200506.90675523796,
    208730.50964060222,
    199981.33378915224,
    216677.12187204312,
    241898.62783941475,
    231979.16924990522,
    219911.4572528764,
    213727.0074914809,
    215804.5906813679,
    210237.25290299914,
    198850.76458031597,
    202967.2051716346,
    209527.73607742402,
    211545.7039973209,
    228482.07379519267,
    228602.42801336615,
    230315.18491828127,
    231464.40366074166,
    234208.8424447259,
    271886.894551446,
    276632.43455535185,
    280325.98422811035,
    276911.95833345375,
    276445.34883339977,
    336963.1271161282,
    337343.66541451134,
    340188.7229175775,
    347982.39225755306,
    363046.62326875096,
    363899.6494259788,
    374990.02061386785,
    378320.85851659416,
    373953.06155226333,
    357627.77537945873,
    366287.5082760259,
    375259.51858429034,
    378849.4493797231,
    382892.7593047407,
    350126.6165248406
  ],
  "EU": [
    180665.50377446538,
    188049.53672349648,
    194685.2528611783,
    202132.7537417868,
    213976.1894377175,
    221615.10775176532,
    228346.86100972857,
    234252.1503726811,
    241048.06462172797,
    254501.8126336926,
    447342.6551968331,
    461930.71525675396,
    479592.64451263816,
    502483.7576387143,
    513351.3344617858,
    508630.6816957954,
    527604.3124654392,
    541400.6064841008,
    557348.7591752488,
    575565.2438127489,
    633934.2735015904,
    636609.5514473777,
    638948.453408002,
    644012.8907807649,
    660278.5290421665,
    677801.7944141491,
    697561.6957321565,
    721199.1326140248,
    745910.1203795262,
    776638.0122431497,
    809864.6005178638,
    821621.9659371966,
    829588.7493792614,
    831314.9071519482,
    854916.1444973592,
    907173.0817398387,
    930608.468248284,
    967051.0558845669,
    1004048.8388425575,
    1043138.8454895928,
    1082337.3003027753,
    1097811.8075590366,
    1107073.7958071025,
    1116083.8906175748,
    1148426.9707547366,
    1219929.4496893643,
    1228642.7369699755,
    1283136.4399876872,
    1296019.0862526747,
    1033116.4096464287,
    930155.154569323,
    941886.5319877868,
    936839.5290357568,
    937486.9012907294,
    791366.8160276732
  ],
  "AF": [
    23028.475863306357,
    23041.126163013796,
    23249.389457839727,
    24329.540146783478,
    25235.975766042036,
    26952.249442686752,
    28072.50225464864,
    28651.43495515689,
    29413.17091123505,
    30162.20956231704,
    32923.556768391674,
    34255.3581833579,
    35766.197449372645,
    36657.612545269,
    39884.64585192041,
    41502.377548456505,
    48143.91677298412,
    45933.53915451676,
    44636.71463618894,
    45765.236238540696,
    50530.34977219183,
    50705.989814547545,
    50133.21872228864,
    49622.60062080545,
    50400.389627741286,
    52210.7034065686,
    52306.51599934056,
    51303.14619613399,
    53267.47168819431,
    54803.40780059781,
    56729.79968714243,
    57001.382738710934,
    56961.46435468251,
    56701.0198098355,
    56697.94777493787,
    57404.8126859263,
    59448.66134703554,
    63167.81787050389,
    64929.27836667083,
    72250.45300923137,
    74178.99925529203,
    76754.71465327193,
    78147.06279437972,
    80220.40133853439,
    84909.87615420212,
    89516.09944615724,
    91460.05310753071,
    96890.58127138838,
    98868.21864023844,
    96347.84137387076,
    98457.2405207273,
    95903.8560373391,
    101945.93967895512,
    102381.73143362153,
    97703.93796941913
  ],
  "OC": [
    15798.60655140429,
    15867.203143660437,
    15735.131329979053,
    16358.663114971305,
    17108.600836277717,
    17631.841095972886,
    17618.784786689812,
    18567.125404304297,
    19204.791879353837,
    20051.41144267315,
    22829.09060543927,
    22996.344235730972,
    23671.7491472186,
    24453.41062388998,
    25638.95279366352,
    25700.240867428438,
    25114.430426347502,
    43461.99678843451,
    43496.74027804799,
    46270.976413644064,
    45644.87982381426,
    50470.594466662136,
    52450.54083754681,
    52440.14371849987,
    54182.76445531545,
    54890.18217281012,
    56624.90460388174,
    56696.414944852935,
    57598.26589382104,
    57996.79187779574,
    61199.2450230096,
    70092.48791612026,
    69438.14862625385,
    70232.06473619495,
    72807.66315355414,
    75083.85981350794,
    76778.45238311231,
    77543.35327835438,
    78793.88394389355,
    80476.43187627482,
    81282.29100372877,
    82652.58237867159,
    85051.6168512851,
    85950.47765891794,
    88386.68000545005,
    89978.80146809254,
    90870.74927944114,
    92846.29474781283,
    92581.39208042138,
    90651.97415290614,
    91259.35295260919,
    93199.48431535835,
    94945.73638952918,
    95571.90813553268,
    58587.32616236584
  ],
  "NA": [
    80701.531035339,
    82805.96467185626,
    86050.09298266187,
    87290.31988205506,
    92240.46079900967,
    97939.84839764237,
    104424.62661883762,
    109792.01907273517,
    112950.20123244953,
    116307.40400238225,
    136984.4091839742,
    142371.24716053513,
    147596.23246727043,
    152523.8429222668,
    154277.7087201646,
    156097.89303382143,
    163947.03015681647,
    183581.8572174235,
    190851.95120475808,
    195855.51575200364,
    205911.5827593839,
    208839.32881088805,
    201232.9772119519,
    202051.5088225405,
    205702.41555163427,
    207493.1133762296,
    216213.42163204943,
    222809.27854656902,
    230470.9426524809,
    235915.68729226786,
    233650.1166096484,
    230819.38361997646,
    231693.07046349958,
    234217.38545097288,
    262460.63540435076,
    265947.9830966442,
    272014.4869269034,
    281258.54114272865,
    291656.0453469817,
    300143.3027255339,
    311915.41249378806,
    316838.1685266303,
    317289.1349478168,
    325306.6814045189,
    332709.1565106221,
    344594.9508666684,
    354275.8560908458,
    361737.37761574384,
    362468.562533859,
    345628.0915947915,
    293452.2460418204,
    293228.02988091623,
    291203.99303022627,
    289487.28517028334,
    180732.97906556583
  ],
  "SA": [
    18035.675988293053,
    18501.061323498623,
    18604.961118750212,
    18337.69290058803,
    18981.70957310692,
    19456.138742007737,
    19812.469876506275,
    19990.007532620497,
    20219.130073199973,
    21082.951293440943,
    21574.91591671909,
    22364.508660736465,
    22647.384924438436,
    23232.656148899103,
    24231.958563295964,
    28249.84712483305,
    28568.355287657076,
    29522.28556920915,
    30095.925116386697,
    31035.49100631432,
    31852.931763217504,
    31573.860768505656,
    29869.465784739667,
    28454.50645413266,
    28551.057512428113,
    28486.230172938467,
    29482.508172562808,
    29803.07290077329,
    29803.224051953955,
    29770.00107328391,
    29425.268741272248,
    30399.96075455568,
    31543.249383427137,
    32135.68475762272,
    33552.22102035643,
    34171.4562599902,
    35075.55201458771,
    36665.17632428736,
    37017.28640915724,
    35980.93197888443,
    36067.145322559176,
    35825.543143239935,
    35255.76539091444,
    36203.973431580715,
    38122.82992318314,
    39810.060436293556,
    41371.20281446907,
    43422.222533241125,
    45062.91378947676,
    45007.39419859202,
    47587.69187130048,
    49944.60878033042,
    51143.55250417737,
    52931.71487436926,
    48994.41142578095
  ]
}