{
  "USA": [
    15791.8617334524,
    15928.4988153057,
    16644.4416516107,
    17122.0022069121,
    17859.9978203397,
    18783.3483348074,
    19791.3412231558,
    20114.2756101855,
    20893.6109639579,
    21339.8107118115,
    21183.2096248756,
    21606.4186342163,
    22501.4330906735,
    23545.3718341364,
    23210.5721660572,
    22937.44079121,
    23944.2607838191,
    24797.1040551401,
    25900.3212255992,
    26429.5647730555,
    26113.1182748377,
    26529.0003747832,
    25775.1579874301,
    26723.6800232686,
    28416.4863776105,
    29359.6530824969,
    30111.1017644389,
    30876.252739497,
    31883.4535110573,
    32746.226181939,
    32999.837755335,
    32537.6992738585,
    33230.4591562254,
    33695.6167113601,
    34628.8797002197,
    35149.3874822554,
    36061.6153292204,
    37228.7672790356,
    38434.7531665301,
    39776.1005590596,
    40945.6339668149,
    40938.0632356953,
    41284.4506983086,
    42079.9840726865,
    43270.7020212455,
    44307.9205848603,
    45052.9213240066,
    45420.1874907337,
    44861.3909688691,
    43235.5585384196,
    43961.1685072536,
    44324.9443785794,
    45008.6140909233,
    45660.7337641443,
    null,
    null
  ],
  "JPN": [
    7079.42640455432,
    7727.98636524273,
    8338.39392500467,
    8953.40008498104,
    9895.22085180704,
    10359.1640823836,
    11357.0580115715,
    12498.5559208626,
    14061.7709339461,
    15492.7651987936,
    15161.7722130236,
    15671.1710441503,
    16753.3437201132,
    17949.8645985924,
    17394.6889211173,
    17647.6285621274,
    18213.9058814323,
    18831.2088909032,
    19645.4050065088,
    20548.9299227101,
    20962.9179495435,
    21677.754359856,
    22258.1835848049,
    22783.6449120737,
    23650.1670610981,
    24994.7384813336,
    25546.2303702963,
    26465.0408177114,
    28235.6945323736,
    29630.4403004227,
    31174.9624423636,
    32111.5096448999,
    32294.2466190095,
    32269.7436655968,
    32437.7189939945,
    32941.7622798909,
    33716.0867313988,
    34172.5498159008,
    33397.1497683226,
    33269.7752233185,
    33963.977848194,
    34002.6776680626,
    34021.9296098827,
    34521.2890674362,
    35324.3505577161,
    35781.1700525965,
    36363.8586146665,
    37118.3453369933,
    36713.9241121726,
    34689.0881610107,
    36296.3153985054,
    36203.4339002111,
    36912.1985293586,
    37573.3737330618,
    null,
    null
  ],
  "DEU": [
    null,
    null,
    null,
    null,
    null,
    null,
    null,
    null,
    null,
    null,
    17463.9080567907,
    17977.9850296689,
    18661.5938745252,
    19491.6645460169,
    19657.4906950001,
    19559.9055138183,
    20616.1805557263,
    21354.5372354113,
    22016.1399459828,
    22919.7541767187,
    23194.4929348006,
    23281.7599682804,
    23211.9016151816,
    23638.7763263797,
    24390.2499376504,
    25013.8801088097,
    25574.324887173,
    25893.1082271298,
    26748.3217018762,
    27576.4982310352,
    28776.5290282183,
    30026.9320647184,
    30372.1939441297,
    29884.9648467043,
    30512.5959949302,
    30940.0181823258,
    31091.6323896201,
    31612.7381929426,
    32229.964556286,
    32849.2523529704,
    33783.9871915134,
    34298.9744119584,
    34245.0397274769,
    33979.484120562,
    34388.1363557644,
    34650.7781763491,
    35976.881366246,
    37202.9614673984,
    37665.9281719525,
    35632.5130956075,
    37147.0221694887,
    38470.8409796541,
    39274.3578535097,
    39208.7600724321,
    39717.6980156123,
    null
  ],
  "GBR": [
    null,
    null,
    null,
    null,
    null,
    null,
    null,
    null,
    null,
    null,
    18110.3167872715,
    18662.7669246665,
    19385.891373131,
    20613.5215073363,
    20081.4378337206,
    19771.7579668214,
    20375.5250774419,
    20911.3992320418,
    21774.0008750852,
    22554.2924418815,
    22038.6463501346,
    21844.3069890643,
    22305.6886954716,
    23235.1017393165,
    23722.1896230449,
    24507.4925679799,
    25223.5559554031,
    26565.9522051501,
    28079.9686307949,
    28712.1659830749,
    28780.2115597265,
    28336.6289712283,
    28386.4133305129,
    29067.6292526233,
    30160.7076549661,
    30842.1940494038,
    31584.1743620577,
    32307.0901629926,
    33344.0069563947,
    34280.2567294974,
    35445.3600611508,
    36249.9913753521,
    36982.0526766877,
    38393.2535173146,
    39112.2207354663,
    39934.7836019879,
    40848.2779902354,
    41567.2772012079,
    41104.4736926621,
    39036.231763574,
    39471.7312514289,
    39808.6939945908,
    39793.3932949938,
    40199.3169438871,
    40967.6985352501,
    null
  ],
  "CHN": [
    null,
    null,
    null,
    null,
    null,
    null,
    null,
    null,
    null,
    null,
    null,
    null,
    null,
    null,
    null,
    null,
    null,
    null,
    null,
    207.281045204346,
    220.67762178237,
    229.137954085561,
    246.146177675283,
    268.700741699582,
    305.527086370052,
    342.243971296364,
    367.288084390134,
    403.806103697796,
    442.260435873798,
    453.887281691274,
    464.87104999793,
    501.070620602703,
    565.631126152998,
    637.100472816126,
    712.324132058728,
    782.092099039375,
    850.74862595546,
    919.784376924401,
    982.546142742151,
    1048.28223755712,
    1127.72382998894,
    1212.467383175,
    1313.85928371059,
    1436.5321131853,
    1571.90810196291,
    1740.09318643729,
    1949.96158648998,
    2215.15847294838,
    2415.9209036553,
    2625.90290724103,
    2891.08469755324,
    3150.15958171905,
    3377.80843138329,
    3619.43910837497,
    null,
    null
  ],
  "FRA": [
    11114.9565062435,
    11571.1313873671,
    12170.0593052274,
    12641.1173637547,
    13289.277319403,
    13764.3660479428,
    14342.9965989151,
    14895.4681245149,
    15420.6562376634,
    16382.9155754219,
    17381.3508700383,
    18155.1317318403,
    18808.0666313534,
    19814.5865836478,
    20495.6899829607,
    20156.3503479079,
    20914.5650456332,
    21548.3141351427,
    22330.849242438,
    23049.0261753057,
    23326.1355300506,
    23473.6157477455,
    23944.898098548,
    24117.2458739161,
    24348.5500543437,
    24602.2309600137,
    25032.1586071158,
    25521.0385517859,
    26565.618236437,
    27557.1202923083,
    28200.1424152568,
    28470.542756633,
    28782.5036214132,
    28482.4883273954,
    29042.2051351613,
    29540.851368653,
    29845.0161130616,
    30434.7621353055,
    31401.1010662167,
    32304.3519920778,
    33327.1453041152,
    33732.1135782927,
    33862.2385280867,
    33898.6319882719,
    34587.5753048724,
    34879.7263291899,
    35460.0126717526,
    36073.5187243394,
    35942.5379689083,
    34706.3267634137,
    35214.1329320654,
    35772.8823821032,
    35675.9703938134,
    35754.6524072213,
    35666.5959877992,
    null
  ],